animal_name,status
Leopardus guigna,vu
Leopardus guttulus,vu
Leopardus jacobita,en
Leopardus pardalis,lc
Leopardus tigrinus,vu
Leopardus wiedii,nt
Leopoldamys ciliatus,lc
Leopoldamys diwangkarai,dd
Leopoldamys edwardsi,lc
Leopoldamys milleti,lc
Leopoldamys neilli,lc
Leopoldamys sabanus,lc
Leopoldamys siporanus,vu
Lepilemur aeeclis,en
Lepilemur ahmansonorum,cr
Lepilemur ankaranensis,en
Lepilemur betsileo,en
Lepilemur dorsalis,en
Lepilemur edwardsi,en
Lepilemur fleuretae,en
Lepilemur grewcockorum,cr
Lepilemur hollandorum,cr
Lepilemur hubbardorum,en
Lepilemur jamesorum,cr
Lepilemur leucopus,en
Lepilemur microdon,en
Lepilemur milanoii,en
Lepilemur mittermeieri,en
Lepilemur mustelinus,vu
Lepilemur otto,en
Lepilemur petteri,en
Lepilemur randrianasoloi,en
Lepilemur ruficaudatus,cr
Lepilemur sahamalazensis,cr
Lepilemur scottorum,en
Lepilemur seali,vu
Lepilemur septentrionalis,cd
Lepilemur tymerlachsoni,cr
Lepilemur wrightae,en
Leporillus apicalis,ex
Leporillus conditor,nt
Leptailurus serval,lc
Leptomys elegans,lc
Leptomys ernstmayri,lc
Leptomys signatus,lc
Leptonychotes weddellii,lc
Leptonycteris curasoae,vu
Leptonycteris nivalis,en
Leptonycteris yerbabuenae,nt
Lepus alleni,lc
Lepus americanus,lc
Lepus arcticus,lc
Lepus brachyurus,lc
Lepus californicus,lc
Lepus callotis,vu
Lepus capensis,lc
Lepus castroviejoi,vu
Lepus comus,lc
Lepus coreanus,lc
Lepus corsicanus,vu
Lepus europaeus,lc
Lepus fagani,lc
Lepus flavigularis,en
Lepus granatensis,lc
Lepus habessinicus,lc
Lepus hainanus,en
Lepus insularis,vu
Lepus mandshuricus,lc
Lepus nigricollis,lc
Lepus oiostolus,lc
Lepus othus,lc
Lepus peguensis,lc
Lepus saxatilis,lc
Lepus sinensis,lc
Lepus starcki,lc
Lepus tibetanus,lc
Lepus timidus,lc
Lepus tolai,lc
Lepus townsendii,lc
Lepus victoriae,lc
Lepus yarkandensis,nt
Lestodelphys halli,lc
Lestodon armatus,Remove
Lestoros inca,lc
Liberiictis kuhni,vu
Lichonycteris obscura,lc
Lichonycteris obscura,lc
Limnogale mergulus,vu
Limnomys bryophilus,lc
Limnomys sibuanus,lc
Lionycteris spurrelli,lc
Lipotes vexillifer,cr
Lissodelphis borealis,lc
Lissodelphis peronii,lc
Lissonycteris angolensis,lc
Litocranius walleri,nt
Lobodon carcinophaga,lc
Lonchophylla bokermanni,en
Lonchophylla bokermanni,en
Lonchophylla chocoana,dd
Lonchophylla concava,lc
Lonchophylla dekeyseri,en
Lonchophylla handleyi,lc
Lonchophylla hesperia,nt
Lonchophylla mordax,nt
Lonchophylla orcesi,dd
Lonchophylla robusta,lc
Lonchophylla thomasi,lc
Lonchorhina aurita,lc
Lonchorhina fernandezi,en
Lonchorhina inusitata,dd
Lonchorhina marinkellei,vu
Lonchorhina orinocensis,vu
Lonchothrix emiliae,lc
Lontra canadensis,lc
Lontra felina,Remove
Lontra longicaudis,nt
Lontra provocax,en
Lophiomys imhausi,lc
Lophocebus albigena,vu
Lophocebus aterrimus,vu
Lophostoma brasiliense,lc
Lophostoma carrikeri,lc
Lophostoma evotis,lc
Lophostoma kalkoae,dd
Lophostoma occidentalis,nt
Lophostoma schulzi,lc
Lophostoma silvicolum,lc
Lophuromys brevicaudus,nt
Lophuromys chrysopus,lc
Lophuromys cinereus,dd
Lophuromys dieterleni,en
Lophuromys eisentrauti,cr
Lophuromys flavopunctatus,lc
Lophuromys flavopunctatus,lc
Lophuromys flavopunctatus,lc
Lophuromys flavopunctatus,lc
Lophuromys flavopunctatus,lc
Lophuromys flavopunctatus,lc
Lophuromys flavopunctatus,lc
Lophuromys flavopunctatus,lc
Lophuromys flavopunctatus,lc
Lophuromys flavopunctatus,lc
Lophuromys huttereri,lc
Lophuromys luteogaster,lc
Lophuromys medicaudatus,vu
Lophuromys melanonyx,vu
Lophuromys nudicaudus,lc
Lophuromys rahmi,nt
Lophuromys roseveari,lc
Lophuromys sikapusi,lc
Lophuromys woosnami,lc
Lorentzimys nouhuysi,lc
Loris lydekkerianus,nt
Loris tardigradus,nt
Loxodonta africana,cr
Loxodontomys micropus,lc
Loxodontomys pikumche,lc
Lundomys molitor,lc
Lutra lutra,ld
Lutra sumatrana,en
Lutreolina crassicaudata,lc
Lutreolina massoia,lc
Lutrogale perspicillata,vu
Lycalopex culpaeus,lc
Lycalopex fulvipes,en
Lycalopex griseus,lc
Lycalopex gymnocercus,lc
Lycalopex sechurae,nt
Lycalopex vetulus,nt
Lycaon pictus,en
Lyncodon patagonicus,lc
Lynx canadensis,lc
Lynx lynx,lc
Lynx pardinus,en
Lynx rufus,lc
Macaca arctoides,vu
Macaca assamensis,nt
Macaca cyclopis,lc
Macaca fascicularis,en
Macaca fuscata,lc
Macaca hecki,vu
Macaca leonina,en
Macaca maura,en
Macaca mulatta,lc
Macaca munzala,en
Macaca nemestrina,en
Macaca nigra,cr
Macaca nigrescens,vu
Macaca ochreata,vu
Macaca pagensis,en
Macaca radiata,vu
Macaca siberu,en
Macaca silenus,en
Macaca sinica,en
Macaca sylvanus,en
Macaca thibetana,nt
Macaca tonkeana,vu
Macrauchenia patachonica,Remove
Macroderma gigas,vu
Macrogalidia musschenbroekii,vu
Macroglossus minimus,lc
Macroglossus sobrinus,lc
Macrophyllum macrophyllum,lc
Macropus agilis,lc
Macropus antilopinus,lc
Macropus bernardus,nt
Macropus dorsalis,lc
Macropus eugenii,lc
Macropus ferragus,Remove
Macropus fuliginosus,lc
Macropus giganteus,lc
Macropus greyi,ex
Macropus irma,lc
Macropus parma,nt
Macropus parryi,lc
Macropus pearsoni,Remove
Macropus robustus,lc
Macropus rufogriseus,lc
Macropus rufus,lc
Macroscelides flavicaudatus,lc
Macroscelides micus,lc
Macroscelides proboscideus,lc
Macrotarsomys bastardi,lc
Macrotarsomys ingens,en
Macrotarsomys petteri,dd
Macrotis lagotis,vu
Macrotis leucura,ex
Macrotus californicus,lc
Macrotus waterhousii,lc
Macruromys elegans,dd
Macruromys major,lc
Madoqua guentheri,lc
Madoqua kirkii,lc
Madoqua piacentinii,dd
Madoqua saltiana,lc
Madromys blanfordi,lc
Makalata didelphoides,lc
Makalata macrura,lc
Makalata obscura,dd
Malacomys cansdalei,lc
Malacomys edwardsi,lc
Malacomys longipes,lc
Malacothrix typica,lc
Mallomys aroaensis,lc
Mallomys gunung,en
Mallomys istapantap,lc
Mallomys rothschildi,lc
Malpaisomys insularis,Remove
Mammelomys lanosus,lc
Mammelomys rattoides,lc
Mammut americanum,Remove
Mammuthus columbi,Remove
Mammuthus exilis,Remove
Mammuthus primigenius,Remove
Mandrillus leucophaeus,en
Mandrillus sphinx,vu
Manis crassicaudata,en
Manis culionensis,cr
Manis javanica,cr
Manis paleojavanica,Remove
Manis pentadactyla,cr
Maokopia ronaldi,Remove
Margaretamys beccarii,dd
Margaretamys elegans,nt
Margaretamys parvus,dd
Marmosa alstoni,lc
Marmosa andersoni,dd
Marmosa constantiae,lc
Marmosa demerarae,lc
Marmosa lepida,lc
Marmosa mexicana,lc
Marmosa murina,lc
Marmosa paraguayanus,lc
Marmosa phaea,vu
Marmosa quichua,lc
Marmosa regina,lc
Marmosa robinsoni,lc
Marmosa rubra,dd
Marmosa tyleriana,dd
Marmosa xerophila,vu
Marmosops bishopi,lc
Marmosops cracens,dd
Marmosops creightoni,dd
Marmosops fuscatus,dd
Marmosops handleyi,cr
Marmosops impavidus,lc
Marmosops impavidus,lc
Marmosops incanus,lc
Marmosops invictus,lc
Marmosops juninensis,vu
Marmosops neblina,lc
Marmosops noctivagus,lc
Marmosops ocellatus,lc
Marmosops pakaraimae,vu
Marmosops parvidens,lc
Marmosops paulensis,lc
Marmosops pinheiroi,lc
Marmota baibacina,lc
Marmota bobak,lc
Marmota broweri,lc
Marmota caligata,lc
Marmota camtschatica,lc
Marmota caudata,lc
Marmota flaviventris,lc
Marmota himalayana,lc
Marmota marmota,lc
Marmota menzbieri,vu
Marmota monax,lc
Marmota olympus,lc
Marmota sibirica,en
Marmota vancouverensis,cr
Martes americana,lc
Martes flavigula,vu
Martes foina,lc
Martes gwatkinsii,vu
Martes martes,lc
Martes melampus,lc
Martes pennanti,lc
Martes zibellina,lc
Massoutiera mzabi,lc
Mastacomys fuscus,nt
Mastomys awashensis,lc
Mastomys coucha,lc
Mastomys erythroleucus,lc
Mastomys huberti,lc
Mastomys kollmannspergeri,lc
Mastomys natalensis,lc
Mastomys pernanus,dd
Mastomys shortridgei,lc
Maxomys alticola,lc
Maxomys baeodon,dd
Maxomys bartelsii,lc
Maxomys dollmani,dd
Maxomys hellwaldii,lc
Maxomys hylomyoides,dd
Maxomys inas,lc
Maxomys inflatus,vu
Maxomys moi,lc
Maxomys musschenbroekii,lc
Maxomys ochraceiventer,dd
Maxomys pagensis,vu
Maxomys panglima,lc
Maxomys rajah,vu
Maxomys surifer,lc
Maxomys tajuddinii,lc
Maxomys wattsi,en
Maxomys whiteheadi,vu
Mazama americana,dd
Mazama bororo,vu
Mazama bricenii,vu
Mazama chunyi,vu
Mazama gouazoubira,lc
Mazama nana,vu
Mazama nemorivaga,lc
Mazama pandora,vu
Mazama rufina,vu
Mazama temama,dd
Megaceroides algericus,Remove
Megadendromus nikolausi,vu
Megaderma lyra,lc
Megaderma spasma,lc
Megadontomys cryophilus,en
Megadontomys nelsoni,en
Megadontomys thomasi,en
Megaerops ecaudatus,lc
Megaerops kusnotoi,vu
Megaerops niphanae,lc
Megaerops wetmorei,vu
Megaladapis edwardsi,Remove
Megaladapis grandidieri,Remove
Megaladapis madagascariensis,Remove
Megalibgwilia ramsayi,Remove
Megaloceros giganteus,Remove
Megalocnus rodens,Remove
Megalocnus zile,Remove
Megaloglossus azagnyi,lc
Megaloglossus woermanni,lc
Megalomys audreyae,Remove
Megalomys desmarestii,ex
Megalomys georginae,Remove
Megalomys luciae,ex
Megalonyx jeffersonii,Remove
Megalotragus priscus,Remove
Megalovis guangxiensis,Remove
Megaoryzomys curioi,ex
Megaoryzomys spA,Remove
Megaptera novaeangliae,lc
Megasorex gigas,lc
Megatherium americanum,Remove
Megatherium tarijense,Remove
Melanomys caliginosus,lc
Melanomys robustulus,lc
Melanomys zunigae,cr
Melasmothrix naso,dd
Meles anakuma,lc
Meles leucurus,lc
Meles meles,lc
Mellivora capensis,lc
Melogale cucphuongensis,dd
Melogale everetti,en
Melogale moschata,lc
Melogale orientalis,lc
Melogale personata,lc
Melomys aerosus,en
Melomys arcium,dd
Melomys bannisteri,en
Melomys bougainville,dd
Melomys burtoni,lc
Melomys capensis,lc
Melomys caurinus,en
Melomys cervinipes,lc
Melomys cooperae,dd
Melomys dollmani,lc
Melomys fraterculus,en
Melomys frigicola,lc
Melomys fulgens,dd
Melomys howi,dd
Melomys leucogaster,lc
Melomys lutillus,lc
Melomys matambuai,en
Melomys obiensis,lc
Melomys paveli,dd
Melomys rubicola,ex
Melomys rufescens,lc
Melomys talaudium,en
Melonycteris fardoulisi,nt
Melonycteris melanops,lc
Melonycteris woodfordi,lc
Melursus ursinus,vu
Menetes berdmorei,lc
Mephitis macroura,lc
Mephitis mephitis,lc
Meriones arimalius,lc
Meriones chengi,lc
Meriones crassus,lc
Meriones dahli,cr
Meriones grandis,lc
Meriones hurrianae,lc
Meriones libycus,lc
Meriones meridianus,lc
Meriones persicus,lc
Meriones rex,lc
Meriones sacramenti,vu
Meriones shawi,lc
Meriones tamariscinus,lc
Meriones tristrami,lc
Meriones unguiculatus,lc
Meriones vinogradovi,lc
Meriones zarudnyi,dd
Mesechinus dauuricus,lc
Mesechinus hughi,lc
Mesembriomys gouldii,vu
Mesembriomys macrurus,nt
Mesocapromys angelcabrerai,cr
Mesocapromys auritus,en
Mesocapromys nanus,cr
Mesocapromys sanfelipensis,cr
Mesocricetus auratus,en
Mesocricetus brandti,nt
Mesocricetus newtoni,nt
Mesocricetus raddei,lc
Mesocricetus rathgeberi,Remove
Mesomys hispidus,lc
Mesomys leniceps,dd
Mesomys occultus,lc
Mesomys stimulax,lc
Mesophylla macconnelli,lc
Mesoplodon bidens,lc
Mesoplodon bowdoini,dd
Mesoplodon carlhubbsi,dd
Mesoplodon densirostris,lc
Mesoplodon europaeus,lc
Mesoplodon ginkgodens,dd
Mesoplodon ginkgodens,dd
Mesoplodon grayi,lc
Mesoplodon hectori,dd
Mesoplodon layardii,lc
Mesoplodon mirus,lc
Mesoplodon perrini,en
Mesoplodon peruvianus,lc
Mesoplodon stejnegeri,nt
Mesoplodon traversii,dd
Mesopropithecus globiceps,Remove
Mesopropithecus pithecoides,Remove
Metachirus nudicaudatus,lc
Metasthenurus newtonae,Remove
Metridiochoerus compactus,Remove
Mico acariensis,lc
Mico argentatus,lc
Mico chrysoleucos,lc
Mico emiliae,lc
Mico humeralifer,nt
Mico humilis,lc
Mico intermedius,lc
Mico leucippe,lc
Mico marcai,vu
Mico mauesi,lc
Mico melanurus,nt
Mico nigriceps,nt
Mico rondoni,vu
Mico saterei,lc
Microakodontomys transitorius,en
Microcavia australis,lc
Microcavia niata,lc
Microcavia shiptoni,lc
Microcebus arnholdi,vu
Microcebus berthae,cr
Microcebus bongolavensis,en
Microcebus danfossi,vu
Microcebus gerpi,cr
Microcebus griseorufus,lc
Microcebus jollyae,en
Microcebus lehilahytsara,nt
Microcebus macarthurii,en
Microcebus mamiratra,en
Microcebus margotmarshae,en
Microcebus marohita,cr
Microcebus mittermeieri,nt
Microcebus murinus,lc
Microcebus murinus,lc
Microcebus murinus,lc
Microcebus myoxinus,vu
Microcebus ravelobensis,vu
Microcebus rufus,vu
Microcebus sambiranensis,en
Microcebus simmonsi,en
Microcebus simmonsi,en
Microcebus tavaratra,vu
Microdillus peeli,dd
Microdipodops megacephalus,lc
Microdipodops pallidus,lc
Microgale brevicaudata,lc
Microgale cowani,lc
Microgale dobsoni,lc
Microgale drouhardi,lc
Microgale dryas,vu
Microgale fotsifotsy,lc
Microgale gracilis,lc
Microgale grandidieri,lc
Microgale gymnorhyncha,lc
Microgale jenkinsae,en
Microgale jobihely,en
Microgale longicaudata,lc
Microgale macpheei,Remove
Microgale majori,lc
Microgale monticola,vu
Microgale nasoloi,vu
Microgale parvula,lc
Microgale principula,lc
Microgale pusilla,lc
Microgale soricoides,lc
Microgale taiva,lc
Microgale talazaci,lc
Microgale thomasi,lc
Microhydromys argenteus,dd
Microhydromys richardsoni,dd
Micromys minutus,lc
Micronycteris brosseti,dd
Micronycteris buriri,dd
Micronycteris giovanniae,dd
Micronycteris hirsuta,lc
Micronycteris matses,dd
Micronycteris megalotis,lc
Micronycteris microtis,lc
Micronycteris minuta,lc
Micronycteris sanborni,lc
Micronycteris schmidtorum,lc
Microperoryctes aplini,vu
Microperoryctes longicauda,lc
Microperoryctes longicauda,lc
Microperoryctes murina,vu
Microperoryctes papuensis,lc
Micropotamogale lamottei,vu
Micropotamogale ruwenzorii,lc
Micropteropus intermedius,dd
Micropteropus pusillus,lc
Microryzomys altissimus,lc
Microryzomys minutus,lc
Microsciurus alfari,lc
Microsciurus flaviventer,lc
Microsciurus mimulus,lc
Microsciurus santanderensis,dd
Microtus abbreviatus,lc
Microtus agrestis,lc
Microtus anatolicus,dd
Microtus arvalis,lc
Microtus bavaricus,cr
Microtus brachycercus,lc
Microtus breweri,vu
Microtus cabrerae,nt
Microtus californicus,lc
Microtus canicaudus,lc
Microtus chrotorrhinus,lc
Microtus clarkei,lc
Microtus daghestanicus,lc
Microtus dogramacii,lc
Microtus duodecimcostatus,lc
Microtus evoronensis,dd
Microtus felteni,lc
Microtus fortis,lc
Microtus gerbei,lc
Microtus gregalis,lc
Microtus guatemalensis,nt
Microtus guentheri,lc
Microtus henseli,Remove
Microtus hyperboreus,lc
Microtus ilaeus,lc
Microtus irani,vu
Microtus irani,vu
Microtus kermanensis,dd
Microtus kikuchii,lc
Microtus levis,lc
Microtus liechtensteini,lc
Microtus limnophilus,lc
Microtus longicaudus,lc
Microtus lusitanicus,lc
Microtus majori,lc
Microtus maximowiczii,lc
Microtus mexicanus,lc
Microtus middendorffii,lc
Microtus miurus,lc
Microtus mongolicus,lc
Microtus montanus,lc
Microtus montebelli,lc
Microtus mujanensis,dd
Microtus multiplex,lc
Microtus nasarovi,dd
Microtus oaxacensis,en
Microtus ochrogaster,lc
Microtus oeconomus,lc
Microtus oregoni,lc
Microtus paradoxus,lc
Microtus pennsylvanicus,lc
Microtus pinetorum,lc
Microtus qazvinensis,lc
Microtus quasiater,nt
Microtus richardsoni,lc
Microtus sachalinensis,lc
Microtus savii,lc
Microtus schelkovnikovi,lc
Microtus schidlovskii,lc
Microtus socialis,lc
Microtus subterraneus,lc
Microtus tatricus,lc
Microtus thomasi,lc
Microtus townsendii,lc
Microtus transcaspicus,lc
Microtus umbrosus,en
Microtus xanthognathus,lc
Millardia gleadowi,lc
Millardia kathleenae,lc
Millardia kondana,en
Millardia meltada,lc
Mimetillus moloneyi,lc
Mimon bennettii,lc
Mimon cozumelae,lc
Mimon crenulatum,lc
Mimon koepckeae,dd
Mindomys hammondi,en
Miniopterus africanus,dd
Miniopterus australis,lc
Miniopterus fraterculus,lc
Miniopterus fuscus,en
Miniopterus gleni,dd
Miniopterus gleni,dd
Miniopterus griveaudi,dd
Miniopterus inflatus,lc
Miniopterus macrocneme,lc
Miniopterus magnater,lc
Miniopterus majori,lc
Miniopterus manavi,lc
Miniopterus manavi,lc
Miniopterus manavi,lc
Miniopterus manavi,lc
Miniopterus manavi,lc
Miniopterus medius,lc
Miniopterus minor,dd
Miniopterus natalensis,lc
Miniopterus newtoni,dd
Miniopterus paululus,lc
Miniopterus petersoni,lc
Miniopterus petersoni,lc
Miniopterus pusillus,lc
Miniopterus robustior,en
Miniopterus schreibersii,vu
Miniopterus schreibersii,vu
Miniopterus schreibersii,vu
Miniopterus shortridgei,dd
Miniopterus sororculus,lc
Miniopterus tristis,lc
Miopithecus ogouensis,nt
Miopithecus talapoin,vu
Miracinonyx trumani,Remove
Mirimiri acrodonta,cr
Mirounga angustirostris,lc
Mirounga leonina,lc
Mirza coquereli,en
Mirza zaza,vu
Mixotoxodon larensis,Remove
Mogera etigo,en
Mogera imaizumii,lc
Mogera insularis,lc
Mogera robusta,lc
Mogera tokudae,nt
Mogera uchidai,vu
Mogera wogura,lc
Molossops aequatorianus,en
Molossops mattogrossensis,lc
Molossops neglectus,dd
Molossops temminckii,lc
Molossus alvarezi,dd
Molossus aztecus,lc
Molossus coibensis,lc
Molossus currentium,lc
Molossus currentium,lc
Molossus molossus,lc
Molossus pretiosus,lc
Molossus rufus,lc
Molossus sinaloae,lc
Monachus monachus,en
Monodelphis adusta,lc
Monodelphis americana,lc
Monodelphis brevicaudata,lc
Monodelphis dimidiata,lc
Monodelphis domestica,lc
Monodelphis emiliae,lc
Monodelphis glirina,lc
Monodelphis handleyi,dd
Monodelphis iheringi,dd
Monodelphis kunsi,lc
Monodelphis osgoodi,lc
Monodelphis palliolata,lc
Monodelphis peruviana,lc
Monodelphis reigi,vu
Monodelphis ronaldi,lc
Monodelphis scalops,lc
Monodelphis unistriata,cr
Monodon monoceros,lc
Monophyllus plethodon,lc
Monophyllus redmani,lc
Monticolomys koopmani,lc
Mops brachypterus,lc
Mops condylurus,lc
Mops congicus,lc
Mops demonstrator,lc
Mops leucostigma,lc
Mops midas,lc
Mops mops,nt
Mops nanulus,lc
Mops niangarae,dd
Mops niveiventer,lc
Mops petersoni,nt
Mops sarasinorum,dd
Mops spurrelli,lc
Mops thersites,lc
Mops trevori,dd
Morenelaphus brachyceros,Remove
Morenelaphus lujanensis,Remove
Mormoops blainvillei,lc
Mormoops magna,Remove
Mormoops megalophylla,lc
Mormopterus acetabulosus,en
Mormopterus acetabulosus,en
Mormopterus beccarii,lc
Mormopterus doriae,dd
Mormopterus jugularis,lc
Mormopterus kalinowskii,lc
Mormopterus loriae,lc
Mormopterus loriae,lc
Mormopterus loriae,lc
Mormopterus loriae,lc
Mormopterus loriae,lc
Mormopterus loriae,lc
Mormopterus loriae,lc
Mormopterus minutus,vu
Mormopterus norfolkensis,nt
Mormopterus norfolkensis,nt
Mormopterus phrudus,vu
Mormopterus planiceps,lc
Moschiola indica,lc
Moschiola kathygre,lc
Moschiola meminna,lc
Moschus anhuiensis,en
Moschus berezovskii,en
Moschus chrysogaster,en
Moschus cupreus,en
Moschus fuscus,en
Moschus leucogaster,en
Moschus moschiferus,vu
Mosia nigrescens,lc
Muknalia minima,Remove
Mungos gambianus,lc
Mungos mungo,lc
Mungotictis decemlineata,en
Muntiacus atherodes,nt
Muntiacus crinifrons,vu
Muntiacus feae,dd
Muntiacus gongshanensis,dd
Muntiacus montanus,dd
Muntiacus muntjak,lc
Muntiacus putaoensis,dd
Muntiacus reevesi,lc
Muntiacus rooseveltorum,dd
Muntiacus truongsonensis,dd
Muntiacus vaginalis,lc
Muntiacus vuquangensis,cr
Murexia habbema,lc
Murexia longicaudata,lc
Murexia melanurus,lc
Murexia naso,lc
Murexia rothschildi,nt
Muriculus imberbis,lc
Murina aenea,vu
Murina aurata,dd
Murina cyclotis,lc
Murina cyclotis,lc
Murina cyclotis,lc
Murina cyclotis,lc
Murina florium,lc
Murina fusca,dd
Murina harrisoni,lc
Murina hilgendorfi,lc
Murina huttoni,dd
Murina leucogaster,lc
Murina puta,lc
Murina rozendaali,vu
Murina ryukyuana,en
Murina suilla,lc
Murina tenebrosa,cr
Murina tubinaris,dd
Murina tubinaris,dd
Murina ussuriensis,lc
Mus baoulei,lc
Mus booduga,lc
Mus bufo,lc
Mus callewaerti,dd
Mus caroli,lc
Mus cervicolor,lc
Mus cookii,lc
Mus crociduroides,dd
Mus cypriacus,lc
Mus famulus,en
Mus fernandoni,en
Mus fragilicauda,lc
Mus goundae,dd
Mus haussa,lc
Mus indutus,lc
Mus macedonicus,lc
Mus mahomet,lc
Mus mattheyi,lc
Mus mayori,vu
Mus minutoides,lc
Mus musculoides,lc
Mus musculus,lc
Mus neavei,dd
Mus orangiae,Remove
Mus oubanguii,dd
Mus pahari,lc
Mus phillipsi,lc
Mus platythrix,lc
Mus saxicola,lc
Mus setulosus,lc
Mus setzeri,lc
Mus shortridgei,lc
Mus sorella,lc
Mus spicilegus,lc
Mus spretus,lc
Mus tenellus,lc
Mus terricolor,lc
Mus triton,lc
Mus vulcani,lc
Muscardinus avellanarius,lc
Musonycteris harrisoni,vu
Mustela africana,lc
Mustela altaica,nt
Mustela erminea,lc
Mustela eversmanii,lc
Mustela felipei,vu
Mustela frenata,lc
Mustela itatsi,nt
Mustela kathiah,lc
Mustela lutreola,cr
Mustela lutreolina,lc
Mustela nigripes,en
Mustela nivalis,dd
Mustela nudipes,lc
Mustela putorius,lc
Mustela russelliana,dd
Mustela sibirica,nt
Mustela strigidorsa,lc
Mustela subpalmata,lc
Mustela tonkinensis,dd
Mydaus javanensis,lc
Mydaus marchei,lc
Mylodon darwinii,Remove
Mylohyus nasutus,Remove
Mylomys dybowskii,lc
Mylomys rex,dd
Myocastor coypus,lc
Myodes andersoni,lc
Myodes californicus,lc
Myodes centralis,lc
Myodes gapperi,lc
Myodes glareolus,lc
Myodes regulus,lc
Myodes rex,lc
Myodes rufocanus,lc
Myodes rutilus,lc
Myodes shanseius,lc
Myodes smithii,lc
Myoictis leucura,dd
Myoictis melas,lc
Myoictis wallacei,lc
Myoictis wavicus,dd
Myomimus personatus,dd
Myomimus roachi,vu
Myomimus setzeri,dd
Myomyscus angolensis,lc
Myomyscus brockmani,lc
Myomyscus verreauxii,lc
Myomyscus yemeni,dd
Myonycteris brachycephala,en
Myonycteris leptodon,lc
Myonycteris relicta,lc
Myonycteris torquata,lc
Myoprocta acouchy,lc
Myoprocta pratti,lc
Myopterus daubentonii,dd
Myopterus whitleyi,lc
Myopus schisticolor,lc
Myosciurus pumilio,lc
Myosorex babaulti,lc
Myosorex blarina,en
Myosorex bururiensis,vu
Myosorex cafer,vu
Myosorex cafer,vu
Myosorex eisentrauti,cr
Myosorex geata,en
Myosorex gnoskei,en
Myosorex jejei,vu
Myosorex kihaulei,en
Myosorex longicaudatus,en
Myosorex okuensis,vu
Myosorex rumpii,en
Myosorex schalleri,dd
Myosorex sclateri,vu
Myosorex tenuis,en
Myosorex varius,lc
Myosorex zinki,lc
Myospalax aspalax,lc
Myospalax myospalax,lc
Myospalax psilurus,lc
Myotis adversus,lc
Myotis aelleni,dd
Myotis albescens,lc
Myotis alcathoe,dd
Myotis altarium,lc
Myotis anjouanensis,dd
Myotis annamiticus,dd
Myotis annectans,lc
Myotis atacamensis,en
Myotis ater,lc
Myotis aurascens,lc
Myotis auriculus,lc
Myotis australis,dd
Myotis austroriparius,lc
Myotis bechsteinii,nt
Myotis blythii,lc
Myotis bocagii,lc
Myotis bombinus,nt
Myotis brandtii,lc
Myotis bucharensis,dd
Myotis californicus,lc
Myotis capaccinii,vu
Myotis chiloensis,lc
Myotis chinensis,lc
Myotis ciliolabrum,lc
Myotis cobanensis,dd
Myotis csorbai,dd
Myotis dasycneme,nt
Myotis daubentonii,lc
Myotis davidii,lc
Myotis dieteri,dd
Myotis dinellii,lc
Myotis dominicensis,vu
Myotis elegans,lc
Myotis emarginatus,lc
Myotis evotis,lc
Myotis fimbriatus,lc
Myotis findleyi,en
Myotis formosus,dd
Myotis formosus,dd
Myotis fortidens,lc
Myotis frater,lc
Myotis frater,lc
Myotis frater,lc
Myotis gomantongensis,lc
Myotis goudoti,lc
Myotis grisescens,vu
Myotis hajastanicus,lc
Myotis hasseltii,lc
Myotis hermani,dd
Myotis horsfieldii,lc
Myotis ikonnikovi,lc
Myotis insularum,dd
Myotis keaysi,lc
Myotis keenii,lc
Myotis laniger,lc
Myotis leibii,en
Myotis levis,lc
Myotis longipes,dd
Myotis lucifugus,en
Myotis macrodactylus,lc
Myotis macropus,lc
Myotis macrotarsus,lc
Myotis martiniquensis,vu
Myotis melanorhinus,lc
Myotis moluccarum,lc
Myotis montivagus,dd
Myotis montivagus,dd
Myotis montivagus,dd
Myotis montivagus,dd
Myotis morrisi,dd
Myotis muricola,lc
Myotis muricola,lc
Myotis myotis,lc
Myotis mystacinus,lc
Myotis nattereri,dd
Myotis nattereri,dd
Myotis nesopolus,lc
Myotis nigricans,lc
Myotis nipalensis,lc
Myotis nyctor,vu
Myotis occultus,lc
Myotis oreias,dd
Myotis oxyotus,lc
Myotis peninsularis,en
Myotis pequinius,lc
Myotis pilosus,vu
Myotis planiceps,en
Myotis pruinosus,en
Myotis punicus,dd
Myotis ridleyi,nt
Myotis riparius,lc
Myotis rosseti,lc
Myotis ruber,nt
Myotis rufopictus,dd
Myotis schaubi,dd
